support_account,total_tweets,inbound_tweets,outbound_tweets,unique_customers,conversation_count,multi_turn_conversations,multi_turn_rate,avg_conversation_length,median_conversation_length,cust_support_participating_convs,participation_rate
AmazonHelp,270343,100503,169840,71668,82534,82534,1.0,4.53,3.0,82534,1.0
AppleSupport,143518,36658,106860,77432,80702,80702,1.0,2.96,2.0,80702,1.0
Uber_Support,78430,22160,56270,38951,41923,41923,1.0,3.07,2.0,41923,1.0
SpotifyCares,58361,15096,43265,27995,28280,28280,1.0,3.25,2.0,28277,0.9999
Delta,56723,14470,42253,22770,26166,26166,1.0,3.36,2.0,26164,0.9999
AmericanAir,54809,18045,36764,22433,26385,26385,1.0,3.32,2.0,26385,1.0
Tesco,51385,12812,38573,16010,16721,16721,1.0,4.38,4.0,16721,1.0
VirginTrains,46267,18450,27817,12996,14850,14850,1.0,4.43,3.0,14848,0.9999
TMobileHelp,45979,11662,34317,20145,22789,22789,1.0,3.63,2.0,22789,1.0
comcastcares,41937,8906,33031,22248,24061,24061,1.0,3.04,2.0,24061,1.0
British_Airways,41846,12485,29361,14537,16450,16450,1.0,3.69,3.0,16450,1.0
SouthwestAir,40169,11192,28977,20348,21636,21636,1.0,2.99,2.0,21634,0.9999
XboxSupport,36390,11833,24557,13579,13454,13454,1.0,4.29,3.0,13434,0.9985
Ask_Spectrum,35396,9536,25860,17623,18530,18530,1.0,3.22,2.0,18529,0.9999
GWRHelp,32491,13127,19364,7876,10728,10728,1.0,4.37,3.0,10728,1.0
sprintcare,31275,8894,22381,13151,13555,13555,1.0,3.99,2.0,13555,1.0
hulu_support,31014,9142,21872,13599,14955,14955,1.0,3.3,2.0,14952,0.9998
VerizonSupport,30919,12953,17966,7954,8446,8446,1.0,5.44,4.0,8446,1.0
ATVIAssist,30705,13055,17650,15654,11096,11096,1.0,4.36,2.0,11096,1.0
AskPlayStation,28849,9751,19098,12602,12533,12533,1.0,3.44,2.0,12533,1.0
sainsburys,28797,9331,19466,10599,10934,10934,1.0,4.0,3.0,10934,1.0
ChipotleTweets,26138,7389,18749,14810,14392,14392,1.0,2.91,2.0,14392,1.0
O2,24720,8508,16212,8935,9520,9520,1.0,3.84,2.0,9520,1.0
idea_cares,24454,8730,15724,6075,7521,7521,1.0,4.63,3.0,7521,1.0
Safaricom_Care,23751,7674,16077,7162,9337,9337,1.0,3.61,3.0,9337,1.0
UPSHelp,23657,5840,17817,14780,15522,15522,1.0,2.87,2.0,15522,1.0
SW_Help,20208,7977,12231,4769,6221,6221,1.0,4.63,3.0,6221,1.0
ArgosHelpers,18874,6700,12174,6896,7553,7553,1.0,3.75,3.0,7553,1.0
AirAsiaSupport,18698,5869,12829,6433,6762,6762,1.0,3.99,2.0,6761,0.9999
AskTarget,17931,4713,13218,10936,11149,11149,1.0,2.75,2.0,11149,1.0
MicrosoftHelps,17532,6228,11304,4145,4458,4458,1.0,5.5,4.0,4458,1.0
BofA_Help,16466,3783,12683,6343,6581,6581,1.0,3.78,3.0,6581,1.0
AskAmex,16227,4869,11358,4024,4300,4300,1.0,4.86,4.0,4300,1.0
marksandspencer,15813,4309,11504,7822,7976,7976,1.0,3.25,2.0,7975,0.9999
AskLyft,14721,2912,11809,9593,10169,10169,1.0,2.68,2.0,10169,1.0
AdobeCare,14484,4567,9917,4679,5094,5094,1.0,4.12,3.0,5094,1.0
AskPayPal,14343,3045,11298,9575,9587,9587,1.0,2.83,2.0,9587,1.0
AskeBay,14174,4488,9686,4986,5662,5662,1.0,3.74,2.0,5662,1.0
Morrisons,14051,3925,10126,5534,5960,5960,1.0,3.57,3.0,5958,0.9997
airtel_care,12733,2852,9881,2839,4024,4024,1.0,4.53,3.0,4022,0.9995
AirbnbHelp,12314,3439,8875,5456,6033,6033,1.0,3.33,2.0,6033,1.0
JetBlue,11840,3820,8020,4746,5181,5181,1.0,3.44,3.0,5181,1.0
LondonMidland,11554,4732,6822,3144,3675,3675,1.0,4.42,3.0,3673,0.9995
CoxHelp,11390,3529,7861,4380,4874,4874,1.0,3.75,2.0,4874,1.0
AldiUK,10864,2750,8114,6491,6631,6631,1.0,2.86,2.0,6631,1.0
AzureSupport,10791,3226,7565,2799,3309,3309,1.0,4.45,3.0,3297,0.9964
ChaseSupport,10785,1974,8811,6723,6887,6887,1.0,2.77,2.0,6887,1.0
McDonalds,10693,2215,8478,8974,8132,8132,1.0,2.4,2.0,8132,1.0
AlaskaAir,10418,2940,7478,4850,5629,5629,1.0,3.0,2.0,5629,1.0
GloCare,10237,3929,6308,2418,3219,3219,1.0,4.65,3.0,3219,1.0
Ask_WellsFargo,9408,1830,7578,5691,6036,6036,1.0,2.76,2.0,6036,1.0
HPSupport,8176,976,7200,3735,3841,3841,1.0,3.27,3.0,3841,1.0
DropboxSupport,7658,1704,5954,3204,3178,3178,1.0,3.66,3.0,3178,1.0
nationalrailenq,7242,2798,4444,2210,2275,2275,1.0,4.46,4.0,2259,0.993
VirginAtlantic,6997,2679,4318,2464,2771,2771,1.0,3.72,3.0,2770,0.9996
DellCares,6925,1589,5336,1806,1996,1996,1.0,5.02,4.0,1985,0.9945
GreggsOfficial,6763,2241,4522,3443,3344,3344,1.0,3.27,2.0,3344,1.0
NikeSupport,5966,2498,3468,1501,1563,1563,1.0,4.99,4.0,1563,1.0
TacoBellTeam,5614,1532,4082,3124,3110,3110,1.0,2.89,2.0,3110,1.0
AskPapaJohns,5291,1383,3908,3283,3153,3153,1.0,2.83,2.0,3153,1.0
AskCiti,5153,1072,4081,2208,2327,2327,1.0,3.41,3.0,2327,1.0
CenturyLinkHelp,5025,1224,3801,2745,2988,2988,1.0,3.3,2.0,2988,1.0
Postmates_Help,4391,1045,3346,2899,3010,3010,1.0,2.59,2.0,3010,1.0
VirginAmerica,3991,1176,2815,1948,2113,2113,1.0,3.06,2.0,2113,1.0
ATT,3916,1126,2790,2304,2060,2060,1.0,3.7,2.0,2060,1.0
IHGService,3453,810,2643,1621,1746,1746,1.0,3.13,2.0,1746,1.0
Walmart,3087,444,2643,2419,2406,2406,1.0,2.52,2.0,2404,0.9992
NortonSupport,3036,1025,2011,823,899,899,1.0,4.71,3.0,899,1.0
TfL,3015,772,2243,1583,1558,1558,1.0,3.3,2.0,1558,1.0
AsurionCares,2970,1072,1898,950,1074,1074,1.0,4.3,3.0,1074,1.0
GoDaddyHelp,2756,791,1965,1409,1451,1451,1.0,3.1,2.0,1451,1.0
KFC_UKI_Help,2755,652,2103,2043,2017,2017,1.0,2.51,2.0,2017,1.0
askpanera,2747,594,2153,1964,1978,1978,1.0,2.47,2.0,1978,1.0
ArbysCares,2442,538,1904,1584,1555,1555,1.0,2.7,2.0,1555,1.0
sizehelpteam,2145,663,1482,1216,1251,1251,1.0,2.82,2.0,1251,1.0
VMUcare,2070,689,1381,825,727,727,1.0,4.5,3.0,727,1.0
DoorDash_Help,2032,451,1581,1460,1509,1509,1.0,2.54,2.0,1509,1.0
USCellularCares,1947,770,1177,509,541,541,1.0,5.11,4.0,541,1.0
SCsupport,1930,601,1329,947,980,980,1.0,3.0,2.0,980,1.0
Kimpton,1789,450,1339,746,1054,1054,1.0,2.73,2.0,1054,1.0
DunkinDonuts,1524,234,1290,1295,1258,1258,1.0,2.27,2.0,1258,1.0
YahooCare,1506,600,906,622,538,538,1.0,4.05,3.0,538,1.0
AskVirginMoney,1485,571,914,368,396,396,1.0,4.87,4.0,396,1.0
TwitterSupport,1470,180,1290,1259,1219,1219,1.0,3.2,2.0,1219,1.0
NeweggService,1460,381,1079,745,796,796,1.0,3.12,3.0,796,1.0
AskRBC,1442,431,1011,823,839,839,1.0,2.9,2.0,839,1.0
PandoraSupport,1409,366,1043,845,724,724,1.0,3.17,2.0,724,1.0
AWSSupport,1404,369,1035,850,904,904,1.0,2.8,2.0,904,1.0
OPPOCareIN,1330,451,879,439,451,451,1.0,4.49,3.0,450,0.9978
GooglePlayMusic,1290,486,804,526,542,542,1.0,3.57,3.0,542,1.0
BoostCare,1254,347,907,612,673,673,1.0,3.33,2.0,673,1.0
MTNC_Care,1173,389,784,389,528,528,1.0,3.75,3.0,526,0.9962
PearsonSupport,1153,312,841,598,604,604,1.0,3.06,2.0,603,0.9983
AskTigogh,1094,379,715,299,322,322,1.0,5.08,3.0,322,1.0
HiltonHelp,1061,228,833,673,716,716,1.0,2.83,2.0,716,1.0
asksalesforce,1016,306,710,404,486,486,1.0,3.39,2.0,486,1.0
AskSeagate,939,300,639,338,346,346,1.0,3.95,3.0,346,1.0
askvisa,873,164,709,482,473,473,1.0,2.98,2.0,473,1.0
MOO,836,206,630,484,478,478,1.0,2.98,2.0,478,1.0
KeyBank_Help,805,250,555,342,374,374,1.0,3.31,2.5,374,1.0
ask_progressive,763,151,612,554,543,543,1.0,2.6,2.0,543,1.0
AskRobinhood,572,140,432,400,353,353,1.0,2.91,2.0,353,1.0
mediatemplehelp,419,114,305,159,174,174,1.0,3.51,3.0,174,1.0
JackBox,326,60,266,242,233,233,1.0,2.55,2.0,233,1.0
OfficeSupport,325,107,218,96,113,113,1.0,4.96,4.0,113,1.0
CarlsJr,268,72,196,189,166,166,1.0,2.73,2.0,165,0.994
AskDSC,239,29,210,196,198,198,1.0,2.27,2.0,198,1.0
HotelTonightCX,190,38,152,116,123,123,1.0,2.75,2.0,123,1.0
